"Total Time","Mean Performance","Wallclock Time","Incumbent ID","Automatic Configurator Time","Configuration..."
0.3607, 100000000, 0.0007, 0, 0.3607, coolFactor='0.003', startTemp='1000'
7.7208, 7.357847690582275, 10.4363, 0, 0.3630, coolFactor='0.003', startTemp='1000'
10.9922, 3.269786834716797, 14.5901, 1, 0.3646, coolFactor='0.006', startTemp='500'
12.0150, 1.021928071975708, 16.5191, 2, 0.3655, coolFactor='0.021', startTemp='1000'
13.7801, 0.7308976650238037, 19.1696, 4, 0.3677, coolFactor='0.03', startTemp='750'
44.4246, 15.31635069847107, 52.7219, 4, 0.3696, coolFactor='0.03', startTemp='750'
110.2972, 14.27795684337616, 130.0302, 15, 0.3823, coolFactor='0.03', startTemp='500'
118.1919, 12.149874051411947, 139.8978, 15, 0.3833, coolFactor='0.03', startTemp='500'
119.0269, 9.32086843252182, 141.6669, 15, 0.3844, coolFactor='0.03', startTemp='500'
198.4139, 23.3336359500885, 221.3069, 15, 0.3867, coolFactor='0.03', startTemp='500'
199.4459, 19.616560459136963, 223.2658, 15, 0.3875, coolFactor='0.03', startTemp='500'
210.0541, 18.329503842762538, 235.8495, 15, 0.3885, coolFactor='0.03', startTemp='500'
210.8607, 16.1390121281147, 237.5491, 15, 0.3895, coolFactor='0.03', startTemp='500'
343.1353, 15.561756663852268, 382.5215, 15, 0.4030, coolFactor='0.03', startTemp='500'
371.7223, 16.86415696144104, 411.1812, 15, 0.4043, coolFactor='0.03', startTemp='500'
379.7234, 16.05833066593517, 420.1890, 15, 0.4053, coolFactor='0.03', startTemp='500'
380.4020, 14.77658611536026, 422.7736, 15, 0.4064, coolFactor='0.03', startTemp='500'
381.5573, 13.728706910060001, 424.8907, 15, 0.4076, coolFactor='0.03', startTemp='500'
457.9016, 18.201053534235275, 502.4632, 15, 0.4104, coolFactor='0.03', startTemp='500'
465.9346, 17.523106129964194, 511.4737, 15, 0.4115, coolFactor='0.03', startTemp='500'
494.5374, 18.21550317108631, 540.1434, 15, 0.4128, coolFactor='0.03', startTemp='500'
495.6648, 17.210251695969525, 542.2144, 15, 0.4140, coolFactor='0.03', startTemp='500'
506.2923, 16.844468037287395, 554.8941, 15, 0.4154, coolFactor='0.03', startTemp='500'
506.2931, 16.844468037287395, 554.8948, 15, 0.4162, coolFactor='0.03', startTemp='500'
1187.4197, 15.993025779724121, 1265.4822, 15, 0.4702, coolFactor='0.03', startTemp='500'
1263.5308, 18.99879195690155, 1342.8553, 15, 0.4729, coolFactor='0.03', startTemp='500'
1264.3641, 18.133619217645553, 1344.6043, 15, 0.4760, coolFactor='0.03', startTemp='500'
1334.9431, 17.3663744059476, 1418.0787, 15, 0.4821, coolFactor='0.03', startTemp='500'
1335.6464, 16.641832683397375, 1420.7430, 15, 0.4835, coolFactor='0.03', startTemp='500'
1411.7123, 19.117714444796245, 1497.0556, 15, 0.4864, coolFactor='0.03', startTemp='500'
1411.7128, 19.117714444796245, 1497.0562, 15, 0.4869, coolFactor='0.03', startTemp='500'
1773.5980, 18.785457935333252, 1870.9705, 15, 0.5024, coolFactor='0.03', startTemp='500'
1984.1930, 18.094907760620117, 2091.7223, 15, 0.5187, coolFactor='0.03', startTemp='500'
1992.0459, 17.715518280311866, 2100.5305, 15, 0.5202, coolFactor='0.03', startTemp='500'
2020.4714, 18.097956597805023, 2129.0602, 15, 0.5219, coolFactor='0.03', startTemp='500'
2021.1508, 17.497264220796783, 2131.6777, 15, 0.5235, coolFactor='0.03', startTemp='500'
2029.0704, 17.177955333391825, 2140.5980, 15, 0.5250, coolFactor='0.03', startTemp='500'
2030.1393, 16.65824963969569, 2142.6626, 15, 0.5268, coolFactor='0.03', startTemp='500'
2108.6086, 18.589750334620476, 2222.4304, 15, 0.5299, coolFactor='0.03', startTemp='500'
2109.4770, 18.05268664071054, 2223.3139, 15, 0.5316, coolFactor='0.03', startTemp='500'
2137.8916, 18.35739755630493, 2253.8275, 15, 0.5334, coolFactor='0.03', startTemp='500'
2137.8923, 18.35739755630493, 2253.8282, 15, 0.5341, coolFactor='0.03', startTemp='500'
3385.7311, 18.133962195260185, 3525.7787, 15, 0.5965, coolFactor='0.03', startTemp='500'
3386.3828, 17.64829220374425, 3526.3211, 15, 0.5984, coolFactor='0.03', startTemp='500'
3562.9859, 17.9040709379557, 3710.0528, 15, 0.6131, coolFactor='0.03', startTemp='500'
3573.3836, 17.706480076438503, 3722.3984, 15, 0.6150, coolFactor='0.03', startTemp='500'
3574.2045, 17.27340479997488, 3723.1092, 15, 0.6194, coolFactor='0.03', startTemp='500'
3575.3251, 16.869535237550735, 3725.1395, 15, 0.6214, coolFactor='0.03', startTemp='500'
3650.0405, 18.28032722124239, 3801.0842, 15, 0.6248, coolFactor='0.03', startTemp='500'
3657.8345, 18.030601535524642, 3810.8196, 15, 0.6270, coolFactor='0.03', startTemp='500'
3657.8354, 18.030601535524642, 3810.8205, 15, 0.6279, coolFactor='0.03', startTemp='500'
3671.3474, 17.630082590635432, 3826.0583, 15, 0.6384, coolFactor='0.03', startTemp='500'
4107.6022, 17.87232311747291, 4275.4755, 15, 0.6636, coolFactor='0.03', startTemp='500'
4182.3312, 19.135730515586005, 4351.4441, 15, 0.6669, coolFactor='0.03', startTemp='500'
4192.5370, 18.941555152768675, 4362.6042, 15, 0.6690, coolFactor='0.03', startTemp='500'
4193.2176, 18.552982908614137, 4363.1825, 15, 0.6710, coolFactor='0.03', startTemp='500'
4200.9230, 18.32694926361243, 4372.8307, 15, 0.6730, coolFactor='0.03', startTemp='500'
4202.0364, 17.975612100289794, 4374.8239, 15, 0.6751, coolFactor='0.03', startTemp='500'
4212.3477, 17.822235293388367, 4385.1059, 15, 0.6795, coolFactor='0.03', startTemp='500'
4213.5655, 17.49661012724334, 4387.2082, 15, 0.6820, coolFactor='0.03', startTemp='500'
4241.6922, 17.700989090479336, 4417.3751, 15, 0.6844, coolFactor='0.03', startTemp='500'
4315.1456, 18.75285183708623, 4491.9976, 15, 0.6881, coolFactor='0.03', startTemp='500'
4322.9629, 18.55029992704038, 4500.7544, 15, 0.6903, coolFactor='0.03', startTemp='500'
4322.9636, 18.55029992704038, 4500.7552, 15, 0.6911, coolFactor='0.03', startTemp='500'
4838.5968, 18.22811572334983, 5038.4869, 15, 0.7372, coolFactor='0.03', startTemp='500'
5163.6818, 17.914384041513717, 5370.2189, 15, 0.7686, coolFactor='0.03', startTemp='500'
5164.9185, 17.621738617880304, 5373.3914, 15, 0.7716, coolFactor='0.03', startTemp='500'
5165.7471, 17.33215766528557, 5374.1426, 15, 0.7741, coolFactor='0.03', startTemp='500'
5173.6220, 17.171819290872346, 5383.9995, 15, 0.7769, coolFactor='0.03', startTemp='500'
5184.1062, 17.0603187918663, 5395.4530, 15, 0.7793, coolFactor='0.03', startTemp='500'
5211.7448, 17.233689820180174, 5423.1069, 15, 0.7819, coolFactor='0.03', startTemp='500'
5287.3336, 18.174842234580748, 5500.8879, 15, 0.7856, coolFactor='0.03', startTemp='500'
5288.0065, 17.89699303157746, 5502.4833, 15, 0.7881, coolFactor='0.03', startTemp='500'
5295.8571, 17.7399795204401, 5510.3107, 15, 0.7907, coolFactor='0.03', startTemp='500'
5371.6893, 18.633646612900954, 5588.3524, 15, 0.7945, coolFactor='0.03', startTemp='500'
5372.3621, 18.361475185914472, 5589.9396, 15, 0.7970, coolFactor='0.03', startTemp='500'
5372.3631, 18.361475185914472, 5589.9405, 15, 0.7980, coolFactor='0.03', startTemp='500'
5957.9254, 18.500402656953725, 6198.9551, 15, 0.8542, coolFactor='0.03', startTemp='500'
5958.7666, 18.240640517543344, 6200.7297, 15, 0.8589, coolFactor='0.03', startTemp='500'
5969.2194, 18.127727456714798, 6211.1643, 15, 0.8620, coolFactor='0.03', startTemp='500'
5970.3728, 17.885166219302587, 6213.2734, 15, 0.8670, coolFactor='0.03', startTemp='500'
5971.6447, 17.65113395368549, 6216.4643, 15, 0.8700, coolFactor='0.03', startTemp='500'
5972.4761, 17.417489220698673, 6217.2273, 15, 0.8726, coolFactor='0.03', startTemp='500'
6175.3073, 17.28527942422318, 6425.0156, 15, 0.8853, coolFactor='0.03', startTemp='500'
6185.6672, 17.191653966903687, 6436.3391, 15, 0.8882, coolFactor='0.03', startTemp='500'
6259.5504, 17.947484738032024, 6512.4054, 15, 0.8924, coolFactor='0.03', startTemp='500'
6260.2033, 17.719889063584176, 6513.9478, 15, 0.8951, coolFactor='0.03', startTemp='500'
6260.2045, 17.719889063584176, 6513.9490, 15, 0.8963, coolFactor='0.03', startTemp='500'
6929.9220, 17.84571533079271, 7204.9401, 15, 0.9533, coolFactor='0.03', startTemp='500'
6941.5467, 17.765914510457943, 7217.5129, 15, 0.9567, coolFactor='0.03', startTemp='500'
6949.1456, 17.6371768184855, 7225.0403, 15, 0.9599, coolFactor='0.03', startTemp='500'
6949.9480, 17.426707804203033, 7227.7552, 15, 0.9628, coolFactor='0.03', startTemp='500'
6980.2234, 17.549368222554524, 7261.7598, 15, 0.9759, coolFactor='0.03', startTemp='500'
7053.2269, 18.225584117377675, 7335.9445, 15, 0.9802, coolFactor='0.03', startTemp='500'
7054.2542, 18.018340800181928, 7337.8437, 15, 0.9831, coolFactor='0.03', startTemp='500'
7054.9189, 17.811715810071853, 7339.3833, 15, 0.9861, coolFactor='0.03', startTemp='500'
7054.9200, 17.811715810071853, 7339.3844, 15, 0.9871, coolFactor='0.03', startTemp='500'
7565.9062, 17.69261074627147, 7867.9088, 15, 1.0596, coolFactor='0.03', startTemp='500'
7566.9296, 17.498746896899025, 7869.8033, 15, 1.0628, coolFactor='0.03', startTemp='500'
7567.5941, 17.30517652939106, 7870.3366, 15, 1.0691, coolFactor='0.03', startTemp='500'
7730.4074, 17.94658539782871, 8039.1368, 15, 1.0850, coolFactor='0.03', startTemp='500'
7740.9371, 17.86317649584138, 8051.6193, 15, 1.0916, coolFactor='0.03', startTemp='500'
7740.9383, 17.86317649584138, 8051.6205, 15, 1.0927, coolFactor='0.03', startTemp='500'
10123.7849, 17.966409039497375, 10465.0159, 15, 1.1921, coolFactor='0.03', startTemp='500'
10281.3235, 17.777779851640975, 10633.6280, 15, 1.2323, coolFactor='0.03', startTemp='500'
10282.5312, 17.597627678643104, 10635.7527, 15, 1.2361, coolFactor='0.03', startTemp='500'
10292.8725, 17.519565633548204, 10646.0396, 15, 1.2396, coolFactor='0.03', startTemp='500'
10293.5307, 17.34015338725232, 10648.6239, 15, 1.2430, coolFactor='0.03', startTemp='500'
10368.6474, 17.94827420335067, 10724.9147, 15, 1.2481, coolFactor='0.03', startTemp='500'
10376.2612, 17.840587211151917, 10733.4572, 15, 1.2515, coolFactor='0.03', startTemp='500'
10377.0599, 17.66486434592414, 10734.1528, 15, 1.2548, coolFactor='0.03', startTemp='500'
10377.0611, 17.66486434592414, 10734.1540, 15, 1.2560, coolFactor='0.03', startTemp='500'
10783.5727, 17.759766320792995, 11150.7637, 15, 1.2999, coolFactor='0.03', startTemp='500'
10791.2835, 17.65822587591229, 11159.4037, 15, 1.3034, coolFactor='0.03', startTemp='500'
10867.3799, 18.242554087638855, 11236.6624, 15, 1.3088, coolFactor='0.03', startTemp='500'
10868.1877, 18.069899306438938, 11238.3637, 15, 1.3122, coolFactor='0.03', startTemp='500'
10895.2293, 18.157819969981325, 11266.3895, 15, 1.3160, coolFactor='0.03', startTemp='500'
10905.6177, 18.082354839565685, 11277.7244, 15, 1.3195, coolFactor='0.03', startTemp='500'
10906.8396, 17.920201918253532, 11279.8315, 15, 1.3229, coolFactor='0.03', startTemp='500'
11048.9674, 17.755718058631533, 11427.1960, 15, 1.3439, coolFactor='0.03', startTemp='500'
11050.0804, 17.5986769739187, 11429.1843, 15, 1.3475, coolFactor='0.03', startTemp='500'
11057.7142, 17.505509822168083, 11438.2487, 15, 1.3515, coolFactor='0.03', startTemp='500'
11068.2363, 17.440816161809146, 11450.7158, 15, 1.3551, coolFactor='0.03', startTemp='500'
11068.2377, 17.440816161809146, 11450.7171, 15, 1.3564, coolFactor='0.03', startTemp='500'
11735.5452, 17.532819124536775, 12139.0431, 15, 1.4117, coolFactor='0.03', startTemp='500'
11736.3442, 17.38065928112377, 12141.7365, 15, 1.4155, coolFactor='0.03', startTemp='500'
11811.0349, 17.896919190346658, 12217.5988, 15, 1.4207, coolFactor='0.03', startTemp='500'
11811.6872, 17.742911121674947, 12218.1322, 15, 1.4250, coolFactor='0.03', startTemp='500'
11839.3445, 17.8306117627473, 12247.7734, 15, 1.4292, coolFactor='0.03', startTemp='500'
11885.4245, 17.681214648380614, 12298.7251, 15, 1.4607, coolFactor='0.03', startTemp='500'
11893.2097, 17.5951286315918, 12307.4506, 15, 1.4645, coolFactor='0.03', startTemp='500'
11903.3733, 17.531029545027636, 12318.6282, 15, 1.4685, coolFactor='0.03', startTemp='500'
11978.1470, 18.020234067215878, 12394.5747, 15, 1.4742, coolFactor='0.03', startTemp='500'
11978.7973, 17.872998124462065, 12395.1285, 15, 1.4781, coolFactor='0.03', startTemp='500'
11979.8958, 17.732005319675476, 12397.1133, 15, 1.4818, coolFactor='0.03', startTemp='500'
11987.5843, 17.64827226201693, 12406.2692, 15, 1.4863, coolFactor='0.03', startTemp='500'
11988.2446, 17.507844000808465, 12408.8121, 15, 1.4901, coolFactor='0.03', startTemp='500'
12015.7086, 17.58940854619761, 12436.2497, 15, 1.4954, coolFactor='0.03', startTemp='500'
12016.8151, 17.45536681694713, 12438.2578, 15, 1.4996, coolFactor='0.03', startTemp='500'
12016.8164, 17.45536681694713, 12438.2591, 15, 1.5010, coolFactor='0.03', startTemp='500'
12167.8795, 17.32115859754624, 12596.0080, 15, 1.5362, coolFactor='0.03', startTemp='500'
12329.4899, 17.774875930786134, 12763.0500, 15, 1.5678, coolFactor='0.03', startTemp='500'
12340.0649, 17.717698700844295, 12775.5737, 15, 1.5722, coolFactor='0.03', startTemp='500'
12366.9854, 17.79010260574461, 12803.4815, 15, 1.5797, coolFactor='0.03', startTemp='500'
12374.7079, 17.71141554787755, 12811.1415, 15, 1.5841, coolFactor='0.03', startTemp='500'
12385.0697, 17.654406737911607, 12823.4567, 15, 1.5886, coolFactor='0.03', startTemp='500'
12457.9473, 18.079155879754286, 12897.5139, 15, 1.5944, coolFactor='0.03', startTemp='500'
12458.5981, 17.946076662485837, 12898.0533, 15, 1.5994, coolFactor='0.03', startTemp='500'
12459.7035, 17.818462707779624, 12900.0418, 15, 1.6038, coolFactor='0.03', startTemp='500'
12460.5040, 17.690475515853194, 12902.7449, 15, 1.6081, coolFactor='0.03', startTemp='500'
12468.1821, 17.615724084982233, 12911.3604, 15, 1.6124, coolFactor='0.03', startTemp='500'
12468.1837, 17.615724084982233, 12911.3621, 15, 1.6140, coolFactor='0.03', startTemp='500'
12910.8214, 17.56175782945421, 13359.9330, 15, 1.6413, coolFactor='0.03', startTemp='500'
13262.5435, 17.440032976515152, 13716.8781, 15, 1.6773, coolFactor='0.03', startTemp='500'
13263.2071, 17.317544944094916, 13718.4176, 15, 1.6817, coolFactor='0.03', startTemp='500'
13264.0123, 17.19785877932673, 13719.1044, 15, 1.6861, coolFactor='0.03', startTemp='500'
13337.9391, 17.605937311117597, 13794.2309, 15, 1.6920, coolFactor='0.03', startTemp='500'
13365.8838, 17.67975207396916, 13823.1545, 15, 1.6968, coolFactor='0.03', startTemp='500'
13393.2908, 17.74868173294879, 13852.5804, 15, 1.7049, coolFactor='0.03', startTemp='500'
13468.5154, 18.15340088790571, 13928.9828, 15, 1.7107, coolFactor='0.03', startTemp='500'
13476.2851, 18.080756159095497, 13937.6850, 15, 1.7152, coolFactor='0.03', startTemp='500'
13477.3947, 17.962868601083755, 13939.6740, 15, 1.7198, coolFactor='0.03', startTemp='500'
13487.8521, 17.911073919822428, 13950.0730, 15, 1.7246, coolFactor='0.03', startTemp='500'
13487.8536, 17.911073919822428, 13950.0747, 15, 1.7261, coolFactor='0.03', startTemp='500'
15476.4374, 17.793813618895125, 15987.6730, 15, 1.8645, coolFactor='0.03', startTemp='500'
15477.0978, 17.677226447734704, 15988.2292, 15, 1.8693, coolFactor='0.03', startTemp='500'
15636.9262, 17.56606915673694, 16156.9491, 15, 1.9002, coolFactor='0.03', startTemp='500'
15637.5924, 17.452616107543843, 16158.4967, 15, 1.9049, coolFactor='0.03', startTemp='500'
15711.1623, 17.826667706171673, 16232.2836, 15, 1.9144, coolFactor='0.03', startTemp='500'
15740.1501, 17.90054860967674, 16262.2754, 15, 1.9195, coolFactor='0.03', startTemp='500'
15740.9360, 17.78792121222145, 16264.9619, 15, 1.9243, coolFactor='0.03', startTemp='500'
15740.9376, 17.78792121222145, 16264.9634, 15, 1.9258, coolFactor='0.03', startTemp='500'
18129.0050, 17.739936887828353, 18680.3419, 15, 2.0335, coolFactor='0.03', startTemp='500'
18238.7674, 17.67444166579804, 18794.3892, 15, 2.0691, coolFactor='0.03', startTemp='500'
18246.3803, 17.6094966565409, 18802.9415, 15, 2.0741, coolFactor='0.03', startTemp='500'
18247.5947, 17.504367648026882, 18804.0371, 15, 2.0791, coolFactor='0.03', startTemp='500'
18248.2496, 17.39701452528595, 18806.5695, 15, 2.0840, coolFactor='0.03', startTemp='500'
18275.0535, 17.456519881381265, 18834.3707, 15, 2.0890, coolFactor='0.03', startTemp='500'
18348.5192, 17.808738170179932, 18908.0110, 15, 2.0956, coolFactor='0.03', startTemp='500'
18358.8666, 17.762072092294694, 18919.3109, 15, 2.1008, coolFactor='0.03', startTemp='500'
18359.6639, 17.656669933603418, 18921.0011, 15, 2.1058, coolFactor='0.03', startTemp='500'
18360.7665, 17.554453243443994, 18923.9816, 15, 2.1108, coolFactor='0.03', startTemp='500'
18387.6574, 17.611699110159844, 18951.8678, 15, 2.1161, coolFactor='0.03', startTemp='500'
18387.6591, 17.611699110159844, 18951.8695, 15, 2.1178, coolFactor='0.03', startTemp='500'
18397.9128, 17.56680113367918, 18962.0729, 15, 2.1231, coolFactor='0.03', startTemp='500'
18512.9565, 17.464358680898492, 19081.3334, 15, 2.1643, coolFactor='0.03', startTemp='500'
18520.6766, 17.405593995588372, 19090.9845, 15, 2.1750, coolFactor='0.03', startTemp='500'
18521.4898, 17.306205169883317, 19092.6904, 15, 2.1805, coolFactor='0.03', startTemp='500'
18597.2551, 17.654132496742974, 19169.6171, 15, 2.1878, coolFactor='0.03', startTemp='500'
18607.5395, 17.610488859154064, 19180.8397, 15, 2.1939, coolFactor='0.03', startTemp='500'
18682.4277, 17.94737526809468, 19256.8952, 15, 2.2009, coolFactor='0.03', startTemp='500'
18690.1183, 17.887363517493533, 19265.5135, 15, 2.2061, coolFactor='0.03', startTemp='500'
18691.3510, 17.790501519691112, 19267.6255, 15, 2.2117, coolFactor='0.03', startTemp='500'
18692.0040, 17.691407732880872, 19268.1966, 15, 2.2175, coolFactor='0.03', startTemp='500'
18692.7951, 17.594247691932765, 19270.8982, 15, 2.2230, coolFactor='0.03', startTemp='500'
18720.1732, 17.6501225907462, 19298.2713, 15, 2.2288, coolFactor='0.03', startTemp='500'
18730.6743, 17.609469466588713, 19310.7225, 15, 2.2346, coolFactor='0.03', startTemp='500'
18730.6763, 17.609469466588713, 19310.7245, 15, 2.2366, coolFactor='0.03', startTemp='500'
19473.6417, 17.933109963681066, 20065.9095, 15, 2.2827, coolFactor='0.03', startTemp='500'
19734.5074, 17.874983547778612, 20333.1381, 15, 2.3380, coolFactor='0.03', startTemp='500'
19735.5278, 17.780793943884653, 20335.0389, 15, 2.3433, coolFactor='0.03', startTemp='500'
19762.7872, 17.83342017730077, 20363.2942, 15, 2.3492, coolFactor='0.03', startTemp='500'
19763.4434, 17.738486160889515, 20365.8339, 15, 2.3550, coolFactor='0.03', startTemp='500'
19764.2595, 17.64547556573218, 20367.5417, 15, 2.3606, coolFactor='0.03', startTemp='500'
19771.9927, 17.5912799522525, 20375.2096, 15, 2.3661, coolFactor='0.03', startTemp='500'
19799.0074, 17.642460931902345, 20404.7227, 15, 2.3722, coolFactor='0.03', startTemp='500'
19872.4261, 17.94391058844489, 20478.3225, 15, 2.3803, coolFactor='0.03', startTemp='500'
19873.2466, 17.851819554964703, 20480.0300, 15, 2.3858, coolFactor='0.03', startTemp='500'
19874.3608, 17.762283165824606, 20482.0338, 15, 2.3915, coolFactor='0.03', startTemp='500'
19874.3625, 17.762283165824606, 20482.0355, 15, 2.3932, coolFactor='0.03', startTemp='500'
20292.6552, 17.67125065783237, 20919.1498, 15, 2.4396, coolFactor='0.03', startTemp='500'
20302.9078, 17.631968340545736, 20931.3436, 15, 2.4454, coolFactor='0.03', startTemp='500'
20303.5639, 17.542590547862805, 20932.8779, 15, 2.4513, coolFactor='0.03', startTemp='500'
20330.8423, 17.593531928137335, 20960.1429, 15, 2.4573, coolFactor='0.03', startTemp='500'
20331.9697, 17.50773831953605, 20962.1869, 15, 2.4635, coolFactor='0.03', startTemp='500'
20339.5830, 17.45644027457954, 20971.7986, 15, 2.4696, coolFactor='0.03', startTemp='500'
20340.3984, 17.370631662840697, 20973.0264, 15, 2.4755, coolFactor='0.03', startTemp='500'
20413.5221, 17.65650756542499, 21047.3290, 15, 2.4827, coolFactor='0.03', startTemp='500'
20423.8994, 17.61933740426083, 21059.6558, 15, 2.4888, coolFactor='0.03', startTemp='500'
20424.6924, 17.533894180646403, 21061.3424, 15, 2.4948, coolFactor='0.03', startTemp='500'
20499.7787, 17.824524114830325, 21137.6123, 15, 2.5025, coolFactor='0.03', startTemp='500'
20650.0125, 17.74057915342513, 21294.1347, 15, 2.5546, coolFactor='0.03', startTemp='500'
20660.2351, 17.702940007448195, 21305.3078, 15, 2.5644, coolFactor='0.03', startTemp='500'
20687.6489, 17.751221654426992, 21334.7142, 15, 2.5707, coolFactor='0.03', startTemp='500'
20695.4843, 17.702102092233034, 21343.4824, 15, 2.5771, coolFactor='0.03', startTemp='500'
20696.1395, 17.61809680966908, 21344.0302, 15, 2.5832, coolFactor='0.03', startTemp='500'
20723.6398, 17.666508252714195, 21373.5103, 15, 2.5895, coolFactor='0.03', startTemp='500'
20724.8845, 17.586370946139823, 21375.7467, 15, 2.5959, coolFactor='0.03', startTemp='500'
20725.6822, 17.50484324427484, 21377.4748, 15, 2.6019, coolFactor='0.03', startTemp='500'
20726.3425, 17.42343378988441, 21378.0131, 15, 2.6091, coolFactor='0.03', startTemp='500'
20734.0655, 17.37676503795844, 21387.6629, 15, 2.6157, coolFactor='0.03', startTemp='500'
20734.0675, 17.37676503795844, 21387.6649, 15, 2.6177, coolFactor='0.03', startTemp='500'
21822.9330, 17.342800600106635, 22511.4516, 15, 2.7526, coolFactor='0.03', startTemp='500'
21896.6441, 17.611183711460658, 22585.3360, 15, 2.7605, coolFactor='0.03', startTemp='500'
21897.4423, 17.53146998916192, 22587.0270, 15, 2.7670, coolFactor='0.03', startTemp='500'
21970.8369, 17.79493906138078, 22662.5837, 15, 2.7748, coolFactor='0.03', startTemp='500'
22000.7905, 17.75943011745041, 22694.6772, 15, 2.7948, coolFactor='0.03', startTemp='500'
22001.4531, 17.67950640437759, 22695.2269, 15, 2.8017, coolFactor='0.03', startTemp='500'
22002.6666, 17.602890839687614, 22697.3225, 15, 2.8080, coolFactor='0.03', startTemp='500'
22010.3498, 17.556935566442984, 22706.9442, 15, 2.8147, coolFactor='0.03', startTemp='500'
22037.6504, 17.601806628539265, 22734.2404, 15, 2.8213, coolFactor='0.03', startTemp='500'
22037.6529, 17.601806628539265, 22734.2430, 15, 2.8238, coolFactor='0.03', startTemp='500'
22427.0201, 17.645989115085076, 23133.3673, 15, 2.8500, coolFactor='0.03', startTemp='500'
22455.3199, 17.601290565647492, 23163.8181, 15, 2.8890, coolFactor='0.03', startTemp='500'
22455.9855, 17.524279976974835, 23165.3712, 15, 2.8956, coolFactor='0.03', startTemp='500'
22530.3821, 17.781583710493546, 23240.9728, 15, 2.9038, coolFactor='0.03', startTemp='500'
22531.1979, 17.705130443916666, 23242.6793, 15, 2.9106, coolFactor='0.03', startTemp='500'
22532.2365, 17.63036122664208, 23244.6459, 15, 2.9176, coolFactor='0.03', startTemp='500'
22542.4688, 17.597303599119186, 23255.8391, 15, 2.9245, coolFactor='0.03', startTemp='500'
22615.4129, 17.843253151575723, 23329.9698, 15, 2.9327, coolFactor='0.03', startTemp='500'
22616.2243, 17.76786113523804, 23331.6788, 15, 2.9394, coolFactor='0.03', startTemp='500'
22616.8878, 17.692482187884494, 23332.2592, 15, 2.9460, coolFactor='0.03', startTemp='500'
22627.2127, 17.66013692450105, 23344.5312, 15, 2.9532, coolFactor='0.03', startTemp='500'
22635.0038, 17.616994535038046, 23352.2591, 15, 2.9637, coolFactor='0.03', startTemp='500'
22635.0063, 17.616994535038046, 23352.2616, 15, 2.9662, coolFactor='0.03', startTemp='500'
24687.3280, 17.544859199938568, 25430.8521, 15, 3.1537, coolFactor='0.03', startTemp='500'
24714.4075, 17.586104026604524, 25458.0275, 15, 3.1608, coolFactor='0.03', startTemp='500'
24715.6430, 17.515583895403765, 25460.1427, 15, 3.1708, coolFactor='0.03', startTemp='500'
24716.4519, 17.44385096750546, 25462.8688, 15, 3.1779, coolFactor='0.03', startTemp='500'
24724.1594, 17.402210914171658, 25471.5050, 15, 3.1854, coolFactor='0.03', startTemp='500'
24734.4687, 17.371997824121028, 25482.7591, 15, 3.1925, coolFactor='0.03', startTemp='500'
24735.1342, 17.30117715011209, 25483.3113, 15, 3.1997, coolFactor='0.03', startTemp='500'
24762.7205, 17.34454440768761, 25512.8713, 15, 3.2068, coolFactor='0.03', startTemp='500'
24965.5523, 17.579087147191792, 25721.0177, 15, 3.2427, coolFactor='0.03', startTemp='500'
25039.0029, 17.81282339834269, 25796.6660, 15, 3.2512, coolFactor='0.03', startTemp='500'
25040.0193, 17.742806774377822, 25798.5720, 15, 3.2587, coolFactor='0.03', startTemp='500'
25040.0215, 17.742806774377822, 25798.5742, 15, 3.2609, coolFactor='0.03', startTemp='500'
25446.7234, 17.782056545320884, 26214.3558, 15, 3.3002, coolFactor='0.03', startTemp='500'
25447.3916, 17.711307818239387, 26215.9121, 15, 3.3076, coolFactor='0.03', startTemp='500'
25455.0796, 17.670028862148644, 26224.5328, 15, 3.3150, coolFactor='0.03', startTemp='500'
25465.5675, 17.640562383854977, 26235.9680, 15, 3.3227, coolFactor='0.03', startTemp='500'
25660.2903, 17.571794698676285, 26437.8311, 15, 3.3763, coolFactor='0.03', startTemp='500'
25687.2071, 17.609751288483782, 26465.2515, 15, 3.3840, coolFactor='0.03', startTemp='500'
25697.6567, 17.580730759663137, 26477.6437, 15, 3.3919, coolFactor='0.03', startTemp='500'
25698.4556, 17.513030985670706, 26479.3411, 15, 3.3996, coolFactor='0.03', startTemp='500'
25699.5648, 17.447121327181897, 26481.3486, 15, 3.4072, coolFactor='0.03', startTemp='500'
25773.2110, 17.671881344795228, 26555.1739, 15, 3.4164, coolFactor='0.03', startTemp='500'
25780.7983, 17.631674713347536, 26564.7031, 15, 3.4236, coolFactor='0.03', startTemp='500'
25781.4623, 17.564312644421108, 26565.2954, 15, 3.4312, coolFactor='0.03', startTemp='500'
25782.2686, 17.49804588928524, 26567.9954, 15, 3.4386, coolFactor='0.03', startTemp='500'
25782.9259, 17.431714153665258, 26569.5475, 15, 3.4462, coolFactor='0.03', startTemp='500'
25810.4774, 17.471369704078224, 26597.0892, 15, 3.4538, coolFactor='0.03', startTemp='500'
25810.4797, 17.471369704078224, 26597.0916, 15, 3.4561, coolFactor='0.03', startTemp='500'
26837.1416, 17.407024931162596, 27640.5157, 15, 3.5630, coolFactor='0.03', startTemp='500'
26844.7357, 17.368799694781174, 27648.0472, 15, 3.5739, coolFactor='0.03', startTemp='500'
26919.1812, 17.589951812758926, 27724.7083, 15, 3.5934, coolFactor='0.03', startTemp='500'
26929.5313, 17.561963682469255, 27735.0017, 15, 3.6025, coolFactor='0.03', startTemp='500'
26930.7386, 17.499030153567976, 27737.0924, 15, 3.6105, coolFactor='0.03', startTemp='500'
26957.5501, 17.53467944938104, 27765.9168, 15, 3.6185, coolFactor='0.03', startTemp='500'
27031.4922, 17.749940231556202, 27840.0223, 15, 3.6276, coolFactor='0.03', startTemp='500'
27032.1614, 17.68496367505295, 27842.5762, 15, 3.6357, coolFactor='0.03', startTemp='500'
27039.8932, 17.64723305991202, 27850.2481, 15, 3.6434, coolFactor='0.03', startTemp='500'
27050.3690, 17.620141983032227, 27862.6679, 15, 3.6512, coolFactor='0.03', startTemp='500'
27103.1301, 17.55689780066784, 27917.4885, 15, 3.6717, coolFactor='0.03', startTemp='500'
27130.5509, 17.59379933032204, 27945.8914, 15, 3.6830, coolFactor='0.03', startTemp='500'
27130.5536, 17.59379933032204, 27945.8955, 15, 3.6856, coolFactor='0.03', startTemp='500'
28539.0341, 17.8135311639131, 29385.5058, 15, 3.8787, coolFactor='0.03', startTemp='500'
28615.9600, 17.784973070967155, 29467.3479, 15, 3.9077, coolFactor='0.03', startTemp='500'
28616.7690, 17.722066317664254, 29468.0490, 15, 3.9166, coolFactor='0.03', startTemp='500'
28624.5618, 17.685397975119276, 29477.7813, 15, 3.9245, coolFactor='0.03', startTemp='500'
28624.5650, 17.685397975119276, 29477.7845, 15, 3.9276, coolFactor='0.03', startTemp='500'
28644.0022, 17.622779464896986, 29499.9412, 15, 3.9476, coolFactor='0.03', startTemp='500'
28718.5522, 17.562641507976657, 29577.5717, 15, 3.9986, coolFactor='0.03', startTemp='500'
28728.9332, 17.536400341639553, 29588.9002, 15, 4.0070, coolFactor='0.03', startTemp='500'
28729.7437, 17.47554948720065, 29590.6121, 15, 4.0152, coolFactor='0.03', startTemp='500'
28730.9662, 17.416631249413975, 29592.7402, 15, 4.0236, coolFactor='0.03', startTemp='500'
28731.6590, 17.35622575050657, 29593.3250, 15, 4.0321, coolFactor='0.03', startTemp='500'
28758.5528, 17.390502589212048, 29621.2253, 15, 4.0407, coolFactor='0.03', startTemp='500'
28832.0783, 17.591669164678102, 29696.9339, 15, 4.0502, coolFactor='0.03', startTemp='500'
28839.7249, 17.556120763506208, 29705.5123, 15, 4.0587, coolFactor='0.03', startTemp='500'
28840.9491, 17.49797138370229, 29707.6164, 15, 4.0667, coolFactor='0.03', startTemp='500'
28914.4624, 17.696572236135495, 29781.3181, 15, 4.0766, coolFactor='0.03', startTemp='500'
28941.3002, 17.728842845653897, 29809.1416, 15, 4.0852, coolFactor='0.03', startTemp='500'
28941.3030, 17.728842845653897, 29809.1444, 15, 4.0880, coolFactor='0.03', startTemp='500'
29252.7638, 17.693715954330607, 30134.2966, 15, 4.1334, coolFactor='0.03', startTemp='500'
29263.1601, 17.668080716384086, 30146.6367, 15, 4.1420, coolFactor='0.03', startTemp='500'
29263.9633, 17.609081924378454, 30147.3348, 15, 4.1508, coolFactor='0.03', startTemp='500'
29264.6232, 17.549996198262072, 30149.9046, 15, 4.1592, coolFactor='0.03', startTemp='500'
29338.3641, 17.74506982581483, 30224.8192, 15, 4.1689, coolFactor='0.03', startTemp='500'
29348.5802, 17.71898897708906, 30235.9820, 15, 4.1774, coolFactor='0.03', startTemp='500'
29349.7002, 17.66172077655792, 30237.9854, 15, 4.1861, coolFactor='0.03', startTemp='500'
29350.3671, 17.60328347904166, 30239.5228, 15, 4.1966, coolFactor='0.03', startTemp='500'
29377.1829, 17.63480377033965, 30266.3262, 15, 4.2051, coolFactor='0.03', startTemp='500'
29377.9876, 17.57733527873563, 30268.0260, 15, 4.2133, coolFactor='0.03', startTemp='500'
29399.1775, 17.543553909476923, 30292.6612, 15, 4.2732, coolFactor='0.03', startTemp='500'
29399.8326, 17.486275751307858, 30293.1968, 15, 4.2818, coolFactor='0.03', startTemp='500'
29407.6266, 17.453502241824125, 30302.9178, 15, 4.2904, coolFactor='0.03', startTemp='500'
29482.0217, 17.645191235975787, 30378.6062, 15, 4.3004, coolFactor='0.03', startTemp='500'
29482.8335, 17.58867164746227, 30379.3184, 15, 4.3099, coolFactor='0.03', startTemp='500'
29493.1340, 17.56426516743408, 30391.5895, 15, 4.3191, coolFactor='0.03', startTemp='500'
29494.3601, 17.50977645079295, 30393.7048, 15, 4.3277, coolFactor='0.03', startTemp='500'
29521.3710, 17.541310984430915, 30421.7291, 15, 4.3369, coolFactor='0.03', startTemp='500'
29522.1983, 17.48593682800697, 30423.4589, 15, 4.3459, coolFactor='0.03', startTemp='500'
29523.4199, 17.432230472564697, 30425.5622, 15, 4.3546, coolFactor='0.03', startTemp='500'
29533.6417, 17.40848172181531, 30436.7358, 15, 4.3638, coolFactor='0.03', startTemp='500'
29533.6445, 17.40848172181531, 30436.7386, 15, 4.3666, coolFactor='0.03', startTemp='500'
29700.2523, 17.439435378840713, 30611.9776, 15, 4.4265, coolFactor='0.03', startTemp='500'
29700.9131, 17.384573085635317, 30613.5172, 15, 4.4357, coolFactor='0.03', startTemp='500'
29723.2123, 17.352880401797712, 30637.8189, 15, 4.4769, coolFactor='0.03', startTemp='500'
29798.7527, 17.541766679906225, 30714.5427, 15, 4.4874, coolFactor='0.03', startTemp='500'
29799.8794, 17.488613203505484, 30716.5629, 15, 4.4968, coolFactor='0.03', startTemp='500'
29827.1711, 17.520205734622095, 30744.8812, 15, 4.5061, coolFactor='0.03', startTemp='500'
29834.7957, 17.488358361928025, 30753.4380, 15, 4.5151, coolFactor='0.03', startTemp='500'
29835.4511, 17.434376940513268, 30754.9890, 15, 4.5243, coolFactor='0.03', startTemp='500'
29836.2551, 17.381214872335853, 30756.7291, 15, 4.5337, coolFactor='0.03', startTemp='500'
29911.2281, 17.564594391045297, 30832.9023, 15, 4.5444, coolFactor='0.03', startTemp='500'
29921.7063, 17.54206639244443, 30843.3259, 15, 4.5542, coolFactor='0.03', startTemp='500'
29921.7097, 17.54206639244443, 30843.3293, 15, 4.5577, coolFactor='0.03', startTemp='500'
30702.9621, 17.72564483443393, 31652.2958, 15, 4.7288, coolFactor='0.03', startTemp='500'
30703.6209, 17.671777667307328, 31655.3627, 15, 4.7379, coolFactor='0.03', startTemp='500'
30713.8393, 17.648309676902098, 31666.5614, 15, 4.7473, coolFactor='0.03', startTemp='500'
30714.8971, 17.596259318922755, 31668.5659, 15, 4.7609, coolFactor='0.03', startTemp='500'
30715.6932, 17.54372953698039, 31669.2618, 15, 4.7703, coolFactor='0.03', startTemp='500'
30742.9109, 17.573837055224125, 31698.4700, 15, 4.7797, coolFactor='0.03', startTemp='500'
30750.7463, 17.5435639856765, 31706.2510, 15, 4.7892, coolFactor='0.03', startTemp='500'
30761.0952, 17.521259251024702, 31718.5616, 15, 4.7989, coolFactor='0.03', startTemp='500'
30761.7884, 17.4692913669127, 31719.1899, 15, 4.8085, coolFactor='0.03', startTemp='500'
30769.5516, 17.439384697400605, 31728.9070, 15, 4.8221, coolFactor='0.03', startTemp='500'
30936.3160, 17.62334141116932, 31901.8193, 15, 4.8621, coolFactor='0.03', startTemp='500'
30937.1195, 17.571875444610548, 31903.5260, 15, 4.8716, coolFactor='0.03', startTemp='500'
30938.1453, 17.521401264318605, 31905.4380, 15, 4.8811, coolFactor='0.03', startTemp='500'
30938.1486, 17.521401264318605, 31905.4413, 15, 4.8844, coolFactor='0.03', startTemp='500'
31498.3561, 17.550811243636993, 32483.6347, 15, 4.9465, coolFactor='0.03', startTemp='500'
31527.4214, 17.585674578493293, 32513.7932, 15, 4.9561, coolFactor='0.03', startTemp='500'
31528.0881, 17.53452885691133, 32515.3547, 15, 4.9664, coolFactor='0.03', startTemp='500'
31636.0570, 17.513042288372315, 32629.6645, 15, 5.0333, coolFactor='0.03', startTemp='500'
31643.7939, 17.483654596426106, 32638.3742, 15, 5.0433, coolFactor='0.03', startTemp='500'
31644.6122, 17.433729449432054, 32639.1067, 15, 5.0529, coolFactor='0.03', startTemp='500'
31645.8339, 17.38530638751699, 32641.2219, 15, 5.0626, coolFactor='0.03', startTemp='500'
31720.9523, 17.55708546014059, 32718.5278, 15, 5.0780, coolFactor='0.03', startTemp='500'
31731.2173, 17.53541726740602, 32729.7541, 15, 5.0880, coolFactor='0.03', startTemp='500'
31732.0249, 17.485898559615457, 32731.4972, 15, 5.0975, coolFactor='0.03', startTemp='500'
31732.6810, 17.43622370807119, 32732.0579, 15, 5.1075, coolFactor='0.03', startTemp='500'
31760.2443, 17.46597585117116, 32761.6227, 15, 5.1188, coolFactor='0.03', startTemp='500'
31768.0660, 17.43765976002489, 32770.7677, 15, 5.1303, coolFactor='0.03', startTemp='500'
31768.0695, 17.43765976002489, 32770.7711, 15, 5.1338, coolFactor='0.03', startTemp='500'
33217.8716, 17.601157131947968, 34246.2131, 15, 5.3809, coolFactor='0.03', startTemp='500'
33218.9831, 17.553052403836485, 34248.2061, 15, 5.3912, coolFactor='0.03', startTemp='500'
33335.1944, 17.581880620052647, 34368.8151, 15, 5.4251, coolFactor='0.03', startTemp='500'
33335.8604, 17.532818843316342, 34370.3633, 15, 5.4356, coolFactor='0.03', startTemp='500'
33410.6450, 17.698251760763927, 34445.3199, 15, 5.4476, coolFactor='0.03', startTemp='500'
33410.6486, 17.698251760763927, 34445.3245, 15, 5.4512, coolFactor='0.03', startTemp='500'
33748.1528, 17.677197034489524, 34794.1837, 15, 5.5062, coolFactor='0.03', startTemp='500'
33748.9602, 17.62869037704906, 34796.9797, 15, 5.5168, coolFactor='0.03', startTemp='500'
33749.9844, 17.581082993728725, 34798.8985, 15, 5.5272, coolFactor='0.03', startTemp='500'
33757.7906, 17.553124850136893, 34807.6470, 15, 5.5376, coolFactor='0.03', startTemp='500'
33759.0843, 17.506748898416504, 34809.8904, 15, 5.5562, coolFactor='0.03', startTemp='500'
33759.7841, 17.458970681510188, 34811.5260, 15, 5.5672, coolFactor='0.03', startTemp='500'
33760.6600, 17.411961947216867, 34813.3550, 15, 5.5782, coolFactor='0.03', startTemp='500'
33853.3505, 17.384826423758167, 34908.3156, 15, 5.6361, coolFactor='0.03', startTemp='500'
33881.6447, 17.41552580779707, 34938.6712, 15, 5.6472, coolFactor='0.03', startTemp='500'
33892.5169, 17.397097951240752, 34950.5766, 15, 5.6642, coolFactor='0.03', startTemp='500'
33969.8905, 17.565063850552427, 35028.2045, 15, 5.6769, coolFactor='0.03', startTemp='500'
33980.1782, 17.54470536828707, 35040.4593, 15, 5.6878, coolFactor='0.03', startTemp='500'
33980.9793, 17.49803300820353, 35041.1596, 15, 5.6996, coolFactor='0.03', startTemp='500'
33988.7140, 17.470882560809454, 35050.8346, 15, 5.7105, coolFactor='0.03', startTemp='500'
34062.3423, 17.6264088807674, 35125.6649, 15, 5.7228, coolFactor='0.03', startTemp='500'
34063.0052, 17.57951811202982, 35126.2234, 15, 5.7338, coolFactor='0.03', startTemp='500'
34090.3346, 17.606347600290597, 35155.5503, 15, 5.7445, coolFactor='0.03', startTemp='500'
34091.5536, 17.561297594190954, 35157.6786, 15, 5.7554, coolFactor='0.03', startTemp='500'
34091.5573, 17.561297594190954, 35157.6829, 15, 5.7592, coolFactor='0.03', startTemp='500'
35273.8984, 17.53462171750526, 36356.2048, 15, 5.8183, coolFactor='0.03', startTemp='500'
35352.0806, 17.48849741943547, 36440.3435, 15, 5.9067, coolFactor='0.03', startTemp='500'
35362.3575, 17.468817360719477, 36451.5880, 15, 5.9176, coolFactor='0.03', startTemp='500'
35363.5956, 17.424683366780695, 36453.7223, 15, 5.9283, coolFactor='0.03', startTemp='500'
35390.9533, 17.45157314445268, 36481.0748, 15, 5.9389, coolFactor='0.03', startTemp='500'
35391.7708, 17.406587651613595, 36483.7985, 15, 5.9495, coolFactor='0.03', startTemp='500'
35466.0614, 17.559880770762977, 36558.2841, 15, 5.9618, coolFactor='0.03', startTemp='500'
35473.7828, 17.533402905028353, 36567.9475, 15, 5.9730, coolFactor='0.03', startTemp='500'
35501.4609, 17.560571758101517, 36596.6345, 15, 5.9838, coolFactor='0.03', startTemp='500'
35502.5892, 17.516606061216343, 36598.6589, 15, 5.9947, coolFactor='0.03', startTemp='500'
35503.4638, 17.472197896321614, 36600.4666, 15, 6.0058, coolFactor='0.03', startTemp='500'
35577.8727, 17.623591312702665, 36675.1329, 15, 6.0185, coolFactor='0.03', startTemp='500'
35577.8764, 17.623591312702665, 36675.1368, 15, 6.0222, coolFactor='0.03', startTemp='500'
36599.7759, 17.604251327818204, 37738.2233, 15, 6.1957, coolFactor='0.03', startTemp='500'
36600.4607, 17.559458169356855, 37740.8071, 15, 6.2080, coolFactor='0.03', startTemp='500'
36673.6749, 17.706271919537347, 37814.2249, 15, 6.2204, coolFactor='0.03', startTemp='500'
36733.5604, 17.68728501922206, 37877.3524, 15, 6.2696, coolFactor='0.03', startTemp='500'
36734.2219, 17.642568841693908, 37878.9125, 15, 6.2807, coolFactor='0.03', startTemp='500'
36741.9067, 17.616472343499748, 37887.5439, 15, 6.2918, coolFactor='0.03', startTemp='500'
36743.0339, 17.57339068492461, 37889.5625, 15, 6.3028, coolFactor='0.03', startTemp='500'
36743.8433, 17.529705412064988, 37890.2749, 15, 6.3140, coolFactor='0.03', startTemp='500'
36772.6618, 17.558997697954055, 37920.0869, 15, 6.3252, coolFactor='0.03', startTemp='500'
36780.4892, 17.533757693409303, 37929.9363, 15, 6.3363, coolFactor='0.03', startTemp='500'
36791.0477, 17.515704677394503, 37941.4672, 15, 6.3475, coolFactor='0.03', startTemp='500'
36792.1731, 17.473433194086724, 37943.4828, 15, 6.3585, coolFactor='0.03', startTemp='500'
36792.1767, 17.473433194086724, 37943.4865, 15, 6.3622, coolFactor='0.03', startTemp='500'
